Text,Date,Time,Draft,Facebook,Twitter/X,LinkedIn,GBP,Instagram,Pinterest,TikTok,YouTube,Threads,Bluesky,Picture Url 1,Alt text picture 1,GBP Post Type,Facebook Post Type,Instagram Post Type
"School is back in session across Shelby County. That means buses, drop-off lines, crosswalks, and kids heading to class are back on our roads.

A few extra seconds behind the wheel can make a real difference: slow down when school-zone lights are flashing, put the phone away, yield at crosswalks, and watch carefully near bus stops and parked cars.

When a school bus has red lights flashing or its stop arm out, stop and wait. In Texas, drivers must stop unless the bus is on the opposite side of a divided highway.

Tickets are expensive, but the bigger point is simple: help every child get to school and back home safely.

#ShelbyCountyTX #SchoolZoneSafety #SchoolBusSafety #DriveSafeTexas #CenterTX",2026-08-27,13:00:00,FALSE,TRUE,FALSE,FALSE,FALSE,TRUE,FALSE,FALSE,FALSE,FALSE,FALSE,https://files.manuscdn.com/user_upload_by_module/session_file/310519663724333063/iApdDRzHlJKfFMBf.jpg,"Yellow school bus stopped by a school-zone sign, with a crossing guard and children using a crosswalk at a generic East Texas school.",,POST,POST
