"Text","Date","Time","Draft","Facebook","Twitter/X","LinkedIn","GBP","Instagram","Pinterest","TikTok","YouTube","Threads","Bluesky","Picture Url 1","Alt text picture 1","GBP Post Type","Facebook Post Type","Instagram Post Type"
"Booth Library in Center has been digging up dinosaur facts all summer long.

Their ""Unearth A Story"" reading program wraps up this month — and if you've got kids who participated, they've earned it. Storytime, crafts, dinosaur fossils, and a whole lot of books checked out.

Good things happen when a community invests in its library. Shelby County is lucky to have one worth showing up for.

📍 Fannie Brown Booth Library — Center, TX 🦕 Summer Reading Program: Unearth A Story

#CenterTX #ShelbyCounty #EastTexas #BoothLibrary #SummerReading #DeepEastTexas #MorrisonInsurance","2026-07-22","09:00:00","FALSE","TRUE","FALSE","FALSE","FALSE","FALSE","FALSE","FALSE","FALSE","FALSE","FALSE","https://d2xsxph8kpxj0f.cloudfront.net/310519663724333063/2Zjkej9iz9N4rHr7kWB8aN/booth-library-summer-reading-social-GqTMnrBZjYBCUfNvFpQhkW.png","Fannie Brown Booth Library exterior in Center, TX on a sunny summer day with children's books on display","FALSE","POST","FALSE"
"Booth Library's ""Unearth A Story"" summer reading program is wrapping up — dinosaurs, crafts, storytime, and a whole summer of books. Good things happen when a community shows up for its library. 🦕📚

#CenterTX #ShelbyCounty #EastTexas #BoothLibrary #SummerReading #DeepEastTexas #MorrisonInsurance","2026-07-22","09:00:00","FALSE","FALSE","FALSE","FALSE","FALSE","TRUE","FALSE","FALSE","FALSE","FALSE","FALSE","https://d2xsxph8kpxj0f.cloudfront.net/310519663724333063/2Zjkej9iz9N4rHr7kWB8aN/booth-library-summer-reading-social-GqTMnrBZjYBCUfNvFpQhkW.png","Fannie Brown Booth Library exterior in Center, TX on a sunny summer day with children's books on display","FALSE","FALSE","POST"
"Seventy-three years ago this week, the armistice was signed that ended the Korean War — a conflict that claimed the lives of more than 36,000 Americans, including men from Shelby County.

VFW Post 8904 held a remembrance ceremony at the Veterans Memorial in Center on Sunday morning — reading names, playing Taps, and making sure those who served are not forgotten.

If you know a Korean War veteran or a family who lost someone in that conflict, this week is worth a phone call.

Thank you to VFW Post 8904 for keeping these names alive.

#MorrisonInsurance #CenterTX #ShelbyCounty #EastTexas #KoreanWar #HeroesRemembered #VFW #ThankAVet #NeverForget #DeepEastTexas","2026-07-28","09:00:00","FALSE","TRUE","FALSE","FALSE","FALSE","FALSE","FALSE","FALSE","FALSE","FALSE","FALSE","https://d2xsxph8kpxj0f.cloudfront.net/310519663724333063/2Zjkej9iz9N4rHr7kWB8aN/korean-war-veterans-memorial-social-QLLGRnZD7pD7xJ4Hz2NXpM.png","Veterans memorial monument with American flags in a small Texas town at morning light","FALSE","POST","FALSE"
"73 years since the armistice that ended the Korean War. VFW Post 8904 held a remembrance ceremony at the Veterans Memorial in Center — reading names and playing Taps for the men from Shelby County who never came home.

If you know a Korean War veteran, this week is worth a phone call.

#MorrisonInsurance #CenterTX #ShelbyCounty #EastTexas #KoreanWar #HeroesRemembered #VFW #ThankAVet #NeverForget #DeepEastTexas","2026-07-28","09:00:00","FALSE","FALSE","FALSE","FALSE","FALSE","TRUE","FALSE","FALSE","FALSE","FALSE","FALSE","https://d2xsxph8kpxj0f.cloudfront.net/310519663724333063/2Zjkej9iz9N4rHr7kWB8aN/korean-war-veterans-memorial-social-QLLGRnZD7pD7xJ4Hz2NXpM.png","Veterans memorial monument with American flags in a small Texas town at morning light","FALSE","FALSE","POST"
